{"cameraMode":{"drawMode":0,"name":"Shaded","section":"Shading Mode"},"sceneLighting":false,"audioPlay":false,"sceneViewState":{"showFog":true,"showMaterialUpdate":false,"showSkybox":true,"showFlares":true,"showImageEffects":true,"showParticleSystems":true},"in2DMode":false,"pivot":{"x":-0.07677048444747925,"y":1.2918412685394288,"z":-2.7402119636535646},"rotation":{"x":0.1341302990913391,"y":-0.34698474407196047,"z":0.05021997541189194,"w":0.9268703460693359},"size":6.0902838706970219,"orthographic":false}